{
  "sunlight": {
    "dir": [
      0.709406,
      0.573576,
      -0.409576
    ],
    "diffuse": [
      0.984313,
      0.890196,
      0.847058,
      1
    ],
    "specular": [
      1,
      1,
      1,
      1
    ],
    "diffuseIntensity": 6,
    "specularIntensity": 2,
    "ambientColor": [
      0.498039,
      0.498039,
      0.498039,
      1
    ],
    "skyLightColor": [
      0.498039,
      0.498039,
      0.498039,
      1
    ],
    "commonLightColor": [
      0.498039,
      0.498039,
      0.498039,
      1
    ],
    "ambientIntensity": 1,
    "skyLightIntensity": 1,
    "commonLightIntensity": 1
  },
  "moonlight": {
    "dir": [
      0.57735,
      0.57735,
      0.57735
    ],
    "diffuse": [
      0.611764,
      0.741176,
      0.996078,
      1
    ],
    "specular": [
      1,
      1,
      1,
      1
    ],
    "diffuseIntensity": 0.37,
    "specularIntensity": 1
  },
  "enableDayNightCycle": 1,
  "waterInfo": {
    "Version": 6
  }
}